{
  "May 2026 | baseline | next_open | max=1": {
    "total_signals": 72,
    "skipped_signals": 2,
    "trades_opened": 70,
    "n_filled": 70,
    "n_not_filled": 0,
    "n_tp2": 52,
    "n_sl": 18,
    "n_timeout": 0,
    "wr": 0.7428571428571429,
    "mean_rr": 0.286607978556635,
    "be_wr": 0.777237524301565,
    "net_R": -3.0963851150549804,
    "per_trade_R": -0.044234073072214004,
    "pf": 0.8279786047191677
  },
  "May 2026 | baseline | next_open | max=2": {
    "total_signals": 72,
    "skipped_signals": 0,
    "trades_opened": 72,
    "n_filled": 72,
    "n_not_filled": 0,
    "n_tp2": 53,
    "n_sl": 19,
    "n_timeout": 0,
    "wr": 0.7361111111111112,
    "mean_rr": 0.2869324833950492,
    "be_wr": 0.7770415409531864,
    "net_R": -3.7925783800623947,
    "per_trade_R": -0.052674699723088816,
    "pf": 0.8003906115756635
  },
  "May 2026 | baseline | next_open | max=3": {
    "total_signals": 72,
    "skipped_signals": 0,
    "trades_opened": 72,
    "n_filled": 72,
    "n_not_filled": 0,
    "n_tp2": 53,
    "n_sl": 19,
    "n_timeout": 0,
    "wr": 0.7361111111111112,
    "mean_rr": 0.2869324833950492,
    "be_wr": 0.7770415409531864,
    "net_R": -3.7925783800623947,
    "per_trade_R": -0.052674699723088816,
    "pf": 0.8003906115756635
  },
  "May 2026 | baseline | pullback_236 | max=1": {
    "total_signals": 72,
    "skipped_signals": 7,
    "trades_opened": 65,
    "n_filled": 59,
    "n_not_filled": 6,
    "n_tp2": 41,
    "n_sl": 18,
    "n_timeout": 0,
    "wr": 0.6949152542372882,
    "mean_rr": 0.5856481481481411,
    "be_wr": 0.6306569343065721,
    "net_R": 6.011574074073785,
    "per_trade_R": 0.10189108600125059,
    "pf": 1.3339763374485436
  },
  "May 2026 | baseline | pullback_236 | max=2": {
    "total_signals": 72,
    "skipped_signals": 3,
    "trades_opened": 69,
    "n_filled": 62,
    "n_not_filled": 7,
    "n_tp2": 43,
    "n_sl": 19,
    "n_timeout": 0,
    "wr": 0.6935483870967742,
    "mean_rr": 0.5856481481481389,
    "be_wr": 0.630656934306573,
    "net_R": 6.182870370369972,
    "per_trade_R": 0.09972371565112859,
    "pf": 1.3254142300194722
  },
  "May 2026 | baseline | pullback_236 | max=3": {
    "total_signals": 72,
    "skipped_signals": 0,
    "trades_opened": 72,
    "n_filled": 65,
    "n_not_filled": 7,
    "n_tp2": 43,
    "n_sl": 22,
    "n_timeout": 0,
    "wr": 0.6615384615384615,
    "mean_rr": 0.5856481481481389,
    "be_wr": 0.630656934306573,
    "net_R": 3.1828703703699723,
    "per_trade_R": 0.04896723646723034,
    "pf": 1.1446759259259078
  },
  "May 2026 | optimized | next_open | max=1": {
    "total_signals": 10,
    "skipped_signals": 0,
    "trades_opened": 10,
    "n_filled": 10,
    "n_not_filled": 0,
    "n_tp2": 10,
    "n_sl": 0,
    "n_timeout": 0,
    "wr": 1.0,
    "mean_rr": 0.29463769718253313,
    "be_wr": 0.7724168716670764,
    "net_R": 2.946376971825331,
    "per_trade_R": 0.29463769718253313,
    "pf": Infinity
  },
  "May 2026 | optimized | next_open | max=2": {
    "total_signals": 10,
    "skipped_signals": 0,
    "trades_opened": 10,
    "n_filled": 10,
    "n_not_filled": 0,
    "n_tp2": 10,
    "n_sl": 0,
    "n_timeout": 0,
    "wr": 1.0,
    "mean_rr": 0.29463769718253313,
    "be_wr": 0.7724168716670764,
    "net_R": 2.946376971825331,
    "per_trade_R": 0.29463769718253313,
    "pf": Infinity
  },
  "May 2026 | optimized | next_open | max=3": {
    "total_signals": 10,
    "skipped_signals": 0,
    "trades_opened": 10,
    "n_filled": 10,
    "n_not_filled": 0,
    "n_tp2": 10,
    "n_sl": 0,
    "n_timeout": 0,
    "wr": 1.0,
    "mean_rr": 0.29463769718253313,
    "be_wr": 0.7724168716670764,
    "net_R": 2.946376971825331,
    "per_trade_R": 0.29463769718253313,
    "pf": Infinity
  },
  "May 2026 | optimized | pullback_236 | max=1": {
    "total_signals": 10,
    "skipped_signals": 0,
    "trades_opened": 10,
    "n_filled": 9,
    "n_not_filled": 1,
    "n_tp2": 8,
    "n_sl": 1,
    "n_timeout": 0,
    "wr": 0.8888888888888888,
    "mean_rr": 0.5856481481481642,
    "be_wr": 0.6306569343065629,
    "net_R": 3.685185185185314,
    "per_trade_R": 0.409465020576146,
    "pf": 4.685185185185314
  },
  "May 2026 | optimized | pullback_236 | max=2": {
    "total_signals": 10,
    "skipped_signals": 0,
    "trades_opened": 10,
    "n_filled": 9,
    "n_not_filled": 1,
    "n_tp2": 8,
    "n_sl": 1,
    "n_timeout": 0,
    "wr": 0.8888888888888888,
    "mean_rr": 0.5856481481481642,
    "be_wr": 0.6306569343065629,
    "net_R": 3.685185185185314,
    "per_trade_R": 0.409465020576146,
    "pf": 4.685185185185314
  },
  "May 2026 | optimized | pullback_236 | max=3": {
    "total_signals": 10,
    "skipped_signals": 0,
    "trades_opened": 10,
    "n_filled": 9,
    "n_not_filled": 1,
    "n_tp2": 8,
    "n_sl": 1,
    "n_timeout": 0,
    "wr": 0.8888888888888888,
    "mean_rr": 0.5856481481481642,
    "be_wr": 0.6306569343065629,
    "net_R": 3.685185185185314,
    "per_trade_R": 0.409465020576146,
    "pf": 4.685185185185314
  },
  "April 2026 | baseline | next_open | max=1": {
    "total_signals": 147,
    "skipped_signals": 10,
    "trades_opened": 137,
    "n_filled": 137,
    "n_not_filled": 0,
    "n_tp2": 98,
    "n_sl": 39,
    "n_timeout": 0,
    "wr": 0.7153284671532847,
    "mean_rr": 0.29362628921270145,
    "be_wr": 0.7730207775914929,
    "net_R": -10.224623657155256,
    "per_trade_R": -0.07463228946828654,
    "pf": 0.7378301626370447
  },
  "April 2026 | baseline | next_open | max=2": {
    "total_signals": 147,
    "skipped_signals": 0,
    "trades_opened": 147,
    "n_filled": 147,
    "n_not_filled": 0,
    "n_tp2": 105,
    "n_sl": 42,
    "n_timeout": 0,
    "wr": 0.7142857142857143,
    "mean_rr": 0.29114386663220754,
    "be_wr": 0.7745070288784928,
    "net_R": -11.429894003618209,
    "per_trade_R": -0.07775438097699462,
    "pf": 0.7278596665805188
  },
  "April 2026 | baseline | next_open | max=3": {
    "total_signals": 147,
    "skipped_signals": 0,
    "trades_opened": 147,
    "n_filled": 147,
    "n_not_filled": 0,
    "n_tp2": 105,
    "n_sl": 42,
    "n_timeout": 0,
    "wr": 0.7142857142857143,
    "mean_rr": 0.29114386663220754,
    "be_wr": 0.7745070288784928,
    "net_R": -11.429894003618209,
    "per_trade_R": -0.07775438097699462,
    "pf": 0.7278596665805188
  },
  "April 2026 | baseline | pullback_236 | max=1": {
    "total_signals": 147,
    "skipped_signals": 16,
    "trades_opened": 131,
    "n_filled": 118,
    "n_not_filled": 13,
    "n_tp2": 74,
    "n_sl": 44,
    "n_timeout": 0,
    "wr": 0.6271186440677966,
    "mean_rr": 0.5856481481481463,
    "be_wr": 0.6306569343065701,
    "net_R": -0.6620370370371802,
    "per_trade_R": -0.005610483364721866,
    "pf": 0.9849537037037005
  },
  "April 2026 | baseline | pullback_236 | max=2": {
    "total_signals": 147,
    "skipped_signals": 2,
    "trades_opened": 145,
    "n_filled": 132,
    "n_not_filled": 13,
    "n_tp2": 83,
    "n_sl": 49,
    "n_timeout": 0,
    "wr": 0.6287878787878788,
    "mean_rr": 0.5856481481481481,
    "be_wr": 0.6306569343065693,
    "net_R": -0.3912037037037024,
    "per_trade_R": -0.0029636644219977453,
    "pf": 0.9920162509448224
  },
  "April 2026 | baseline | pullback_236 | max=3": {
    "total_signals": 147,
    "skipped_signals": 1,
    "trades_opened": 146,
    "n_filled": 132,
    "n_not_filled": 14,
    "n_tp2": 83,
    "n_sl": 49,
    "n_timeout": 0,
    "wr": 0.6287878787878788,
    "mean_rr": 0.5856481481481481,
    "be_wr": 0.6306569343065693,
    "net_R": -0.3912037037037024,
    "per_trade_R": -0.0029636644219977453,
    "pf": 0.9920162509448224
  },
  "April 2026 | optimized | next_open | max=1": {
    "total_signals": 20,
    "skipped_signals": 1,
    "trades_opened": 19,
    "n_filled": 19,
    "n_not_filled": 0,
    "n_tp2": 14,
    "n_sl": 5,
    "n_timeout": 0,
    "wr": 0.7368421052631579,
    "mean_rr": 0.3090741785801351,
    "be_wr": 0.7638986517056146,
    "net_R": -0.6729614998781086,