{
  "2026-01 | baseline | next_open": {
    "n_total": 161,
    "n_filled": 161,
    "n_tp2": 117,
    "n_sl": 43,
    "wr": 0.7267080745341615,
    "mean_rr": 0.2865620515698504,
    "net_R": -9.472239966327507,
    "per_trade_R": -0.058833788610729854,
    "pf": 0.7797153496202905,
    "gross_pos_R": 33.52776003367249,
    "gross_neg_R": 43.0
  },
  "2026-01 | baseline | pullback_236": {
    "n_total": 161,
    "n_filled": 141,
    "n_tp2": 94,
    "n_sl": 46,
    "wr": 0.6666666666666666,
    "mean_rr": 0.5856093084614044,
    "net_R": 9.047274995372014,
    "per_trade_R": 0.06416507088916322,
    "pf": 1.1966798912037395,
    "gross_pos_R": 55.047274995372014,
    "gross_neg_R": 46.0
  },
  "2026-01 | optimized | next_open": {
    "n_total": 37,
    "n_filled": 37,
    "n_tp2": 27,
    "n_sl": 10,
    "wr": 0.7297297297297297,
    "mean_rr": 0.2948960171554682,
    "net_R": -2.037807536802358,
    "per_trade_R": -0.05507587937303671,
    "pf": 0.7962192463197642,
    "gross_pos_R": 7.962192463197642,
    "gross_neg_R": 10.0
  },
  "2026-01 | optimized | pullback_236": {
    "n_total": 37,
    "n_filled": 32,
    "n_tp2": 19,
    "n_sl": 13,
    "wr": 0.59375,
    "mean_rr": 0.5856561220557797,
    "net_R": -1.8725336809401867,
    "per_trade_R": -0.058516677529380834,
    "pf": 0.8559589476199856,
    "gross_pos_R": 11.127466319059813,
    "gross_neg_R": 13.0
  },
  "2026-01 | optimized_no_round | next_open": {
    "n_total": 52,
    "n_filled": 52,
    "n_tp2": 37,
    "n_sl": 15,
    "wr": 0.7115384615384616,
    "mean_rr": 0.2904710677242994,
    "net_R": -4.252570494200921,
    "per_trade_R": -0.08178020181155617,
    "pf": 0.7164953003866052,
    "gross_pos_R": 10.74742950579908,
    "gross_neg_R": 15.0
  },
  "2026-01 | optimized_no_round | pullback_236": {
    "n_total": 52,
    "n_filled": 44,
    "n_tp2": 26,
    "n_sl": 18,
    "wr": 0.5909090909090909,
    "mean_rr": 0.5856789242096504,
    "net_R": -2.77234797054909,
    "per_trade_R": -0.06300790842157022,
    "pf": 0.8459806683028284,
    "gross_pos_R": 15.22765202945091,
    "gross_neg_R": 18.0
  },
  "2026-02 | baseline | next_open": {
    "n_total": 223,
    "n_filled": 223,
    "n_tp2": 171,
    "n_sl": 52,
    "wr": 0.7668161434977578,
    "mean_rr": 0.2920600453185752,
    "net_R": -2.0577322505236424,
    "per_trade_R": -0.00922749888127194,
    "pf": 0.9604282259514684,
    "gross_pos_R": 49.94226774947636,
    "gross_neg_R": 52.0
  },
  "2026-02 | baseline | pullback_236": {
    "n_total": 223,
    "n_filled": 200,
    "n_tp2": 143,
    "n_sl": 57,
    "wr": 0.715,
    "mean_rr": 0.5856762449498066,
    "net_R": 26.751703027822344,
    "per_trade_R": 0.13375851513911172,
    "pf": 1.4693281232951287,
    "gross_pos_R": 83.75170302782234,
    "gross_neg_R": 57.0
  },
  "2026-02 | optimized | next_open": {
    "n_total": 26,
    "n_filled": 26,
    "n_tp2": 22,
    "n_sl": 4,
    "wr": 0.8461538461538461,
    "mean_rr": 0.2885404759218828,
    "net_R": 2.3478904702814214,
    "per_trade_R": 0.09030347962620852,
    "pf": 1.5869726175703553,
    "gross_pos_R": 6.347890470281421,
    "gross_neg_R": 4.0
  },
  "2026-02 | optimized | pullback_236": {
    "n_total": 26,
    "n_filled": 21,
    "n_tp2": 15,
    "n_sl": 6,
    "wr": 0.7142857142857143,
    "mean_rr": 0.5857260671792458,
    "net_R": 2.7858910076886865,
    "per_trade_R": 0.13266147655660412,
    "pf": 1.4643151679481143,
    "gross_pos_R": 8.785891007688686,
    "gross_neg_R": 6.0
  },
  "2026-02 | optimized_no_round | next_open": {
    "n_total": 49,
    "n_filled": 49,
    "n_tp2": 40,
    "n_sl": 9,
    "wr": 0.8163265306122449,
    "mean_rr": 0.2919245890321098,
    "net_R": 2.676983561284393,
    "per_trade_R": 0.05463231757723251,
    "pf": 1.297442617920488,
    "gross_pos_R": 11.676983561284393,
    "gross_neg_R": 9.0
  },
  "2026-02 | optimized_no_round | pullback_236": {
    "n_total": 49,
    "n_filled": 42,
    "n_tp2": 31,
    "n_sl": 11,
    "wr": 0.7380952380952381,
    "mean_rr": 0.5856692091311684,
    "net_R": 7.1557454830662195,
    "per_trade_R": 0.1703748924539576,
    "pf": 1.6505223166423837,
    "gross_pos_R": 18.15574548306622,
    "gross_neg_R": 11.0
  },
  "2026-03 | baseline | next_open": {
    "n_total": 287,
    "n_filled": 287,
    "n_tp2": 227,
    "n_sl": 60,
    "wr": 0.7909407665505227,
    "mean_rr": 0.2895693249586429,
    "net_R": 5.732236765611944,
    "per_trade_R": 0.019972950402829072,
    "pf": 1.0955372794268656,
    "gross_pos_R": 65.73223676561194,
    "gross_neg_R": 60.0
  },
  "2026-03 | baseline | pullback_236": {
    "n_total": 287,
    "n_filled": 254,
    "n_tp2": 185,
    "n_sl": 69,
    "wr": 0.7283464566929134,
    "mean_rr": 0.5856206533626607,
    "net_R": 39.33982087209223,
    "per_trade_R": 0.1548811845357962,
    "pf": 1.5701423314795975,
    "gross_pos_R": 108.33982087209223,
    "gross_neg_R": 69.0
  },
  "2026-03 | optimized | next_open": {
    "n_total": 46,
    "n_filled": 46,
    "n_tp2": 40,
    "n_sl": 6,
    "wr": 0.8695652173913043,
    "mean_rr": 0.29841783926013254,
    "net_R": 5.936713570405301,
    "per_trade_R": 0.1290589906609848,
    "pf": 1.9894522617342167,
    "gross_pos_R": 11.936713570405301,
    "gross_neg_R": 6.0
  },
  "2026-03 | optimized | pullback_236": {
    "n_total": 46,
    "n_filled": 42,
    "n_tp2": 34,
    "n_sl": 8,
    "wr": 0.8095238095238095,
    "mean_rr": 0.5856069584273141,
    "net_R": 11.910636586528682,
    "per_trade_R": 0.28358658539354004,
    "pf": 2.4888295733160852,
    "gross_pos_R": 19.910636586528682,
    "gross_neg_R": 8.0
  },
  "2026-03 | optimized_no_round | next_open": {
    "n_total": 69,
    "n_filled": 69,
    "n_tp2": 58,
    "n_sl": 11,
    "wr": 0.8405797101449275,
    "mean_rr": 0.29994948831481927,
    "net_R": 6.397070322259516,
    "per_trade_R": 0.09271116409071763,
    "pf": 1.5815518474781378,
    "gross_pos_R": 17.397070322259516,
    "gross_neg_R": 11.0
  },
  "2026-03 | optimized_no_round | pullback_236": {
    "n_total": 69,
    "n_filled": 63,
    "n_tp2": 50,
    "n_sl": 13,
    "wr": 0.7936507936507936,
    "mean_rr": 0.5855735761744703,
    "net_R": 16.278678808723512,
    "per_trade_R": 0.25839172712259545,
    "pf": 2.252206062209501,
    "gross_pos_R": 29.278678808723512,
    "gross_neg_R": 13.0
  },
  "2026-04 | baseline | next_open": {
    "n_total": 147,
    "n_filled": 147,
    "n_tp2": 105,
    "n_sl": 42,
    "wr": 0.7142857142857143,
    "mean_rr": 0.2911420894619961,
    "net_R": -11.43008060649041,
    "per_trade_R": -0.0777556503842885,
    "pf": 0.7278552236549902,
    "gross_pos_R": 30.56991939350959,
    "gross_neg_R": 42.0
  },
  "2026-04 | baseline | pullback_236": {
    "n_total": 147,
    "n_filled": 133,
    "n_tp2": 84,
    "n_sl": 49,
    "wr": 0.631578947368421,
    "mean_rr": 0.585656053428368,
    "net_R": 0.19510848798291391,
    "per_trade_R": 0.0014669811126534881,
    "pf": 1.0039818058772023,
    "gross_pos_R": 49.195108487982914,
    "gross_neg_R": 49.0
  },
  "2026-04 | optimized | next_open": {
    "n_total": 20,
    "n_filled": 20,
    "n_tp2": 15,
    "n_sl": 5,
    "wr": 0.75,
    "mean_rr": 0.30937630580544456,
    "net_R": -0.3593554129183314,
    "per_trade_R": -0.01796777064591657,
    "pf": 0.9281289174163337,
    "gross_pos_R": 4.640644587081669,
    "gross_neg_R": 5.0
  },
  "2026-04 | optimized | pullback_236": {
    "n_total": 20,
    "n_filled": 17,
    "n_tp2": 12,
    "n_sl": 5,
    "wr": 0.7058823529411765,
    "mean_rr": 0.585705811493853,
    "net_R": 2.028469737926237,
    "per_trade_R": 0.11932174928977864,
    "pf": 1.4056939475852475,
    "gross_pos_R": 7.028469737926237,
    "gross_neg_R": 5.0
  },
  "2026-04 | optimized_no_round | next_open": {
    "n_total": 34,
    "n_filled": 34,
    "n_tp2": 26,
    "n_sl": 8,
    "wr": 0.7647058823529411,
    "mean_rr": 0.3073095200194457,
    "net_R": -0.009952479494410582,
    "per_trade_R": -0.000292719985129723,
    "pf": 0.9987559400631987,