{
  "A-S1": {
    "train": {
      "n_signals": 16,
      "n_filled": 11,
      "n_tp": 7,
      "n_sl": 4,
      "n_timeout": 0,
      "wr": 0.6363636363636364,
      "mean_rr": 0.9200000000000103,
      "net_R": 2.4400000000000714,
      "per_trade_R": 0.22181818181818833,
      "pf": 1.6100000000000179,
      "losing_months": 2,
      "trading_months": 6,
      "sigs_per_month": 0.6470588235294118
    },
    "test": {
      "n_signals": 78,
      "n_filled": 68,
      "n_tp": 36,
      "n_sl": 31,
      "n_timeout": 1,
      "wr": 0.5294117647058824,
      "mean_rr": 0.9200000000000004,
      "net_R": 2.1200000000000117,
      "per_trade_R": 0.031176470588235465,
      "pf": 1.068387096774194,
      "losing_months": 6,
      "trading_months": 11,
      "sigs_per_month": 5.666666666666667
    },
    "full": {
      "n_signals": 94,
      "n_filled": 79,
      "n_tp": 43,
      "n_sl": 35,
      "n_timeout": 1,
      "wr": 0.5443037974683544,
      "mean_rr": 0.9200000000000018,
      "net_R": 4.56000000000008,
      "per_trade_R": 0.05772151898734279,
      "pf": 1.1302857142857166,
      "losing_months": 8,
      "trading_months": 17,
      "sigs_per_month": 2.7241379310344827
    }
  },
  "A-S2": {
    "train": {
      "n_signals": 16,
      "n_filled": 11,
      "n_tp": 8,
      "n_sl": 2,
      "n_timeout": 1,
      "wr": 0.7272727272727273,
      "mean_rr": 0.7620481927710836,
      "net_R": 4.096385542168669,
      "per_trade_R": 0.37239868565169715,
      "pf": 3.0481927710843344,
      "losing_months": 0,
      "trading_months": 6,
      "sigs_per_month": 0.6470588235294118
    },
    "test": {
      "n_signals": 78,
      "n_filled": 68,
      "n_tp": 40,
      "n_sl": 26,
      "n_timeout": 2,
      "wr": 0.5882352941176471,
      "mean_rr": 0.7620481927710844,
      "net_R": 4.481927710843376,
      "per_trade_R": 0.06591070163004964,
      "pf": 1.1723818350324375,
      "losing_months": 5,
      "trading_months": 11,
      "sigs_per_month": 5.666666666666667
    },
    "full": {
      "n_signals": 94,
      "n_filled": 79,
      "n_tp": 48,
      "n_sl": 28,
      "n_timeout": 3,
      "wr": 0.6075949367088608,
      "mean_rr": 0.7620481927710842,
      "net_R": 8.578313253012041,
      "per_trade_R": 0.10858624370901318,
      "pf": 1.3063683304647158,
      "losing_months": 5,
      "trading_months": 17,
      "sigs_per_month": 2.7241379310344827
    }
  },
  "A-S3": {
    "train": {
      "n_signals": 16,
      "n_filled": 11,
      "n_tp": 8,
      "n_sl": 1,
      "n_timeout": 2,
      "wr": 0.7272727272727273,
      "mean_rr": 0.6623036649214672,
      "net_R": 4.2984293193717376,
      "per_trade_R": 0.390766301761067,
      "pf": 5.2984293193717376,
      "losing_months": 0,
      "trading_months": 6,
      "sigs_per_month": 0.6470588235294118
    },
    "test": {
      "n_signals": 78,
      "n_filled": 68,
      "n_tp": 43,
      "n_sl": 22,
      "n_timeout": 3,
      "wr": 0.6323529411764706,
      "mean_rr": 0.662303664921464,
      "net_R": 6.479057591622951,
      "per_trade_R": 0.09528025870033752,
      "pf": 1.2945026178010433,
      "losing_months": 4,
      "trading_months": 11,
      "sigs_per_month": 5.666666666666667
    },
    "full": {
      "n_signals": 94,
      "n_filled": 79,
      "n_tp": 51,
      "n_sl": 23,
      "n_timeout": 5,
      "wr": 0.6455696202531646,
      "mean_rr": 0.6623036649214645,
      "net_R": 10.77748691099469,
      "per_trade_R": 0.13642388494929986,
      "pf": 1.4685863874345517,
      "losing_months": 4,
      "trading_months": 17,
      "sigs_per_month": 2.7241379310344827
    }
  },
  "A-S4": {
    "train": {
      "n_signals": 16,
      "n_filled": 11,
      "n_tp": 9,
      "n_sl": 0,
      "n_timeout": 2,
      "wr": 0.8181818181818182,
      "mean_rr": 0.585648148148149,
      "net_R": 5.270833333333341,
      "per_trade_R": 0.47916666666666735,
      "pf": Infinity,
      "losing_months": 0,
      "trading_months": 6,
      "sigs_per_month": 0.6470588235294118
    },
    "test": {
      "n_signals": 78,
      "n_filled": 68,
      "n_tp": 47,
      "n_sl": 18,
      "n_timeout": 3,
      "wr": 0.6911764705882353,
      "mean_rr": 0.5856481481481457,
      "net_R": 9.525462962962848,
      "per_trade_R": 0.1400803376906301,
      "pf": 1.5291923868312693,
      "losing_months": 1,
      "trading_months": 11,
      "sigs_per_month": 5.666666666666667
    },
    "full": {
      "n_signals": 94,
      "n_filled": 79,
      "n_tp": 56,
      "n_sl": 18,
      "n_timeout": 5,
      "wr": 0.7088607594936709,
      "mean_rr": 0.5856481481481461,
      "net_R": 14.796296296296184,
      "per_trade_R": 0.18729488982653397,
      "pf": 1.8220164609053435,
      "losing_months": 1,
      "trading_months": 17,
      "sigs_per_month": 2.7241379310344827
    }
  },
  "B-S1": {
    "train": {
      "n_signals": 28,
      "n_filled": 21,
      "n_tp": 13,
      "n_sl": 8,
      "n_timeout": 0,
      "wr": 0.6190476190476191,
      "mean_rr": 0.9200000000000006,
      "net_R": 3.960000000000008,
      "per_trade_R": 0.18857142857142895,
      "pf": 1.495000000000001,
      "losing_months": 3,
      "trading_months": 9,
      "sigs_per_month": 1.2352941176470589
    },
    "test": {
      "n_signals": 114,
      "n_filled": 103,
      "n_tp": 62,
      "n_sl": 40,
      "n_timeout": 1,
      "wr": 0.6019417475728155,
      "mean_rr": 0.9200000000000008,
      "net_R": 17.04000000000005,
      "per_trade_R": 0.16543689320388397,
      "pf": 1.4260000000000013,
      "losing_months": 5,
      "trading_months": 11,
      "sigs_per_month": 8.583333333333334
    },
    "full": {
      "n_signals": 142,
      "n_filled": 124,
      "n_tp": 75,
      "n_sl": 48,
      "n_timeout": 1,
      "wr": 0.6048387096774194,
      "mean_rr": 0.9200000000000012,
      "net_R": 21.000000000000085,
      "per_trade_R": 0.1693548387096781,
      "pf": 1.4375000000000018,
      "losing_months": 8,
      "trading_months": 20,
      "sigs_per_month": 4.275862068965517
    }
  },
  "B-S2": {
    "train": {
      "n_signals": 28,
      "n_filled": 21,
      "n_tp": 14,
      "n_sl": 6,
      "n_timeout": 1,
      "wr": 0.6666666666666666,
      "mean_rr": 0.7620481927710835,
      "net_R": 4.668674698795169,
      "per_trade_R": 0.22231784279976993,
      "pf": 1.7781124497991947,
      "losing_months": 3,
      "trading_months": 9,
      "sigs_per_month": 1.2352941176470589
    },
    "test": {
      "n_signals": 114,
      "n_filled": 103,
      "n_tp": 66,
      "n_sl": 35,
      "n_timeout": 2,
      "wr": 0.6407766990291263,
      "mean_rr": 0.7620481927710839,
      "net_R": 15.295180722891537,
      "per_trade_R": 0.14849690022224793,
      "pf": 1.4370051635111867,
      "losing_months": 4,
      "trading_months": 11,
      "sigs_per_month": 8.583333333333334
    },
    "full": {
      "n_signals": 142,
      "n_filled": 124,
      "n_tp": 80,
      "n_sl": 41,
      "n_timeout": 3,
      "wr": 0.6451612903225806,
      "mean_rr": 0.7620481927710838,
      "net_R": 19.96385542168671,
      "per_trade_R": 0.16099883404586054,
      "pf": 1.4869233029679685,
      "losing_months": 7,
      "trading_months": 20,
      "sigs_per_month": 4.275862068965517
    }
  },
  "B-S3": {
    "train": {
      "n_signals": 28,
      "n_filled": 21,
      "n_tp": 14,
      "n_sl": 5,
      "n_timeout": 2,
      "wr": 0.6666666666666666,
      "mean_rr": 0.6623036649214651,
      "net_R": 4.272251308900511,
      "per_trade_R": 0.20344053851907196,
      "pf": 1.8544502617801022,
      "losing_months": 3,
      "trading_months": 9,
      "sigs_per_month": 1.2352941176470589
    },
    "test": {
      "n_signals": 114,
      "n_filled": 103,
      "n_tp": 69,
      "n_sl": 31,
      "n_timeout": 3,
      "wr": 0.6699029126213593,
      "mean_rr": 0.6623036649214649,
      "net_R": 14.698952879581078,
      "per_trade_R": 0.14270828038428232,
      "pf": 1.474159770309067,
      "losing_months": 3,
      "trading_months": 11,