{
  "2026-01 | baseline": {
    "n_total": 52,
    "n_filled": 44,
    "n_tp2": 26,
    "n_sl": 18,
    "skipped_by_sr": 0,
    "wr": 0.5909090909090909,
    "mean_rr": 0.5856789242096504,
    "net_R": -2.77234797054909,
    "pf": 0.8459806683028284,
    "per_trade_R": -0.06300790842157022,
    "gross_pos_R": 15.22765202945091,
    "gross_neg_R": 18.0
  },
  "2026-01 | sr_band": {
    "n_total": 23,
    "n_filled": 18,
    "n_tp2": 9,
    "n_sl": 9,
    "skipped_by_sr": 29,
    "wr": 0.5,
    "mean_rr": 0.58554463949992,
    "net_R": -3.73009824450072,
    "pf": 0.58554463949992,
    "per_trade_R": -0.20722768025004001,
    "gross_pos_R": 5.26990175549928,
    "gross_neg_R": 9.0
  },
  "2026-01 | sr_confluence": {
    "n_total": 23,
    "n_filled": 18,
    "n_tp2": 9,
    "n_sl": 9,
    "skipped_by_sr": 29,
    "wr": 0.5,
    "mean_rr": 0.58554463949992,
    "net_R": -3.73009824450072,
    "pf": 0.58554463949992,
    "per_trade_R": -0.20722768025004001,
    "gross_pos_R": 5.26990175549928,
    "gross_neg_R": 9.0
  },
  "2026-02 | baseline": {
    "n_total": 49,
    "n_filled": 42,
    "n_tp2": 31,
    "n_sl": 11,
    "skipped_by_sr": 0,
    "wr": 0.7380952380952381,
    "mean_rr": 0.5856692091311684,
    "net_R": 7.1557454830662195,
    "pf": 1.6505223166423837,
    "per_trade_R": 0.1703748924539576,
    "gross_pos_R": 18.15574548306622,
    "gross_neg_R": 11.0
  },
  "2026-02 | sr_band": {
    "n_total": 19,
    "n_filled": 18,
    "n_tp2": 11,
    "n_sl": 7,
    "skipped_by_sr": 30,
    "wr": 0.6111111111111112,
    "mean_rr": 0.5856457714791747,
    "net_R": -0.5578965137290774,
    "pf": 0.9203004980387032,
    "per_trade_R": -0.030994250762726525,
    "gross_pos_R": 6.4421034862709226,
    "gross_neg_R": 7.0
  },
  "2026-02 | sr_confluence": {
    "n_total": 19,
    "n_filled": 18,
    "n_tp2": 11,
    "n_sl": 7,
    "skipped_by_sr": 30,
    "wr": 0.6111111111111112,
    "mean_rr": 0.5856457714791747,
    "net_R": -0.5578965137290774,
    "pf": 0.9203004980387032,
    "per_trade_R": -0.030994250762726525,
    "gross_pos_R": 6.4421034862709226,
    "gross_neg_R": 7.0
  },
  "2026-03 | baseline": {
    "n_total": 69,
    "n_filled": 63,
    "n_tp2": 50,
    "n_sl": 13,
    "skipped_by_sr": 0,
    "wr": 0.7936507936507936,
    "mean_rr": 0.5855735761744703,
    "net_R": 16.278678808723512,
    "pf": 2.252206062209501,
    "per_trade_R": 0.25839172712259545,
    "gross_pos_R": 29.278678808723512,
    "gross_neg_R": 13.0
  },
  "2026-03 | sr_band": {
    "n_total": 29,
    "n_filled": 27,
    "n_tp2": 21,
    "n_sl": 6,
    "skipped_by_sr": 40,
    "wr": 0.7777777777777778,
    "mean_rr": 0.585536021605323,
    "net_R": 6.296256453711784,
    "pf": 2.0493760756186306,
    "per_trade_R": 0.23319468347080682,
    "gross_pos_R": 12.296256453711784,
    "gross_neg_R": 6.0
  },
  "2026-03 | sr_confluence": {
    "n_total": 29,
    "n_filled": 27,
    "n_tp2": 21,
    "n_sl": 6,
    "skipped_by_sr": 40,
    "wr": 0.7777777777777778,
    "mean_rr": 0.585536021605323,
    "net_R": 6.296256453711784,
    "pf": 2.0493760756186306,
    "per_trade_R": 0.23319468347080682,
    "gross_pos_R": 12.296256453711784,
    "gross_neg_R": 6.0
  },
  "2026-04 | baseline": {
    "n_total": 34,
    "n_filled": 30,
    "n_tp2": 21,
    "n_sl": 9,
    "skipped_by_sr": 0,
    "wr": 0.7,
    "mean_rr": 0.585623187875787,
    "net_R": 3.2980869453915282,
    "pf": 1.366454105043503,
    "per_trade_R": 0.10993623151305094,
    "gross_pos_R": 12.298086945391528,
    "gross_neg_R": 9.0
  },
  "2026-04 | sr_band": {
    "n_total": 13,
    "n_filled": 11,
    "n_tp2": 8,
    "n_sl": 3,
    "skipped_by_sr": 21,
    "wr": 0.7272727272727273,
    "mean_rr": 0.5855974035629254,
    "net_R": 1.6847792285034036,
    "pf": 1.5615930761678012,
    "per_trade_R": 0.15316174804576396,
    "gross_pos_R": 4.684779228503404,
    "gross_neg_R": 3.0
  },
  "2026-04 | sr_confluence": {
    "n_total": 13,
    "n_filled": 11,
    "n_tp2": 8,
    "n_sl": 3,
    "skipped_by_sr": 21,
    "wr": 0.7272727272727273,
    "mean_rr": 0.5855974035629254,
    "net_R": 1.6847792285034036,
    "pf": 1.5615930761678012,
    "per_trade_R": 0.15316174804576396,
    "gross_pos_R": 4.684779228503404,
    "gross_neg_R": 3.0
  },
  "2026-05 | baseline": {
    "n_total": 11,
    "n_filled": 10,
    "n_tp2": 9,
    "n_sl": 1,
    "skipped_by_sr": 0,
    "wr": 0.9,
    "mean_rr": 0.585480345692205,
    "net_R": 4.269323111229845,
    "pf": 5.269323111229845,
    "per_trade_R": 0.42693231112298446,
    "gross_pos_R": 5.269323111229845,
    "gross_neg_R": 1.0
  },
  "2026-05 | sr_band": {
    "n_total": 3,
    "n_filled": 3,
    "n_tp2": 3,
    "n_sl": 0,
    "skipped_by_sr": 8,
    "wr": 1.0,
    "mean_rr": 0.5852555961111482,
    "net_R": 1.7557667883334447,
    "pf": Infinity,
    "per_trade_R": 0.5852555961111482,
    "gross_pos_R": 1.7557667883334447,
    "gross_neg_R": 0.0
  },
  "2026-05 | sr_confluence": {
    "n_total": 3,
    "n_filled": 3,
    "n_tp2": 3,
    "n_sl": 0,
    "skipped_by_sr": 8,
    "wr": 1.0,
    "mean_rr": 0.5852555961111482,
    "net_R": 1.7557667883334447,
    "pf": Infinity,
    "per_trade_R": 0.5852555961111482,
    "gross_pos_R": 1.7557667883334447,
    "gross_neg_R": 0.0
  }
}